company,gvkey
1300 SMILES LTD,272690
3P LEARNING LTD,317959
A.C.N 004 410 833 LTD,240944
A2B AUSTRALIA LTD,241372
AAPT LTD,216259
AAT CORP LTD,242986
ABB GRAIN LTD,254378
ABC LEARNING CENTER LTD,247358
ABIGROUP LTD,211516
ACACIA RESOURCES LTD,206142
ACADEMIES AUSTRALASIA GROUP,253461
ACCENT GROUP LTD,271338
ACRUX LTD,271011
ADACEL TECHNOLOGIES LTD,235498
ADAIRS LTD,319886
ADBRI LTD,100835
ADITYA BIRLA MINERALS,277632
ADSTEAM MARINE LTD,226176
ADTRANS GROUP LTD,211519
AEVUM LTD,271286
AGL ENERGY,100251
AJ LUCAS GROUP LTD,245996
ALESCO CORPORATION LTD,200314
ALEXIUM INTERNATIONAL GROUP,246008
ALINTA INFRASTRUCTURE HLDGS,274184
ALINTA LTD,241359
ALLGAS ENERGY LTD,200127
ALLIANCE AVIATION SERVICES,311355
ALPHA TECHNOLOGIES CORP LTD,248760
ALPHAWEST LTD,247538
ALS LTD,201015
ALTIUM LTD,241406
ALUMINA LTD,16560
AMA GROUP LTD,278786
AMBERTECH LTD,272783
AMBITION GROUP LTD,247372
AMCOM TELECOMMUNICATIONS,242979
AMMTEC LTD,212416
AMPOL LTD,102903
ANGUS & COOTE (HLDGS) LTD,211525
ANSELL LTD,14242
APA GROUP,242536
APA SUB GROUP,271539
APIAM ANIMAL HEALTH LTD,320967
APN OUTDOOR GROUP LTD,318666
APOLLO TOURISM & LEISURE LTD,322763
ARANA THERAPEUTICS LTD,208441
ARB CORP,211528
ARC ENERGY LTD,247510
ARGONAUT RESOURCES NL,206146
ARNOTTS LTD,100248
ARROWFIELD GROUP LTD,200239
ARTHUR YATES & CO LTD,200240
ASCIANO LTD,284805
ASG GROUP LTD,252569
ASHLEY SERVICES GROUP LTD,318223
ASHTON MINING LTD,100118
ASIA PACIFIC SPECIALTY CHEMS,212629
ASIAN AMERICAN MEDICAL GROUP,284449
ASIAN PACIFIC LTD,253405
ASPERMONT LTD,253505
ASRA MINERALS LIMITED,210248
ASTIVITALTD,293575
ASTRA CAPITAL LTD,210285
ATLAS ARTERIA LTD,293796
ATLAS IRON LTD,271525
AUB GROUP LTD,274487
AUMAKE LIMITED,310593
AURELIA METALS LTD,284527
AURIONGOLD LTD,203495
AURIZON HOLDINGS LTD,295910
AURORA GOLD LTD,200329
AUSDOC GROUP LTD,200330
AUSENCO LTD,278117
AUSMANI LTD,249503
AUSMELT LTD,211532
AUSNET SERVICES,274820
AUSPINE LTD,208265
AUSTAL LTD,232041
AUSTAR UNITED COMMUNICATIONS,231036
AUSTCO HEALTHCARE LTD,271176
AUSTEREO GROUP LTD,244346
AUSTIN ENGINEERING LTD,272233
AUSTRAL COAL LTD,248131
AUSTRAL GOLD LTD,248795
AUSTRALIAN AGRICULTRL CO LTD,249874
AUSTRALIAN CAREERS NETWORK,318833
AUSTRALIAN CLINICAL LABS LTD,347733
AUSTRALIAN FOOD & FIBRE LTD,245997
AUSTRALIAN HOSPITAL CARE LTD,213100
AUSTRALIAN NATIONAL INDS LTD,100454
AUSTRALIAN OIL & GAS CORP,101495
AUSTRALIAN PHARM INDS LTD,229876
AUSTRALIAN PLANTATION TIMBER,241363
AUSTRALIAN POWER&GAS CO LTD,247642
AUSTRALIAN RESOURCES LTD,210715
AUSTRALIAN VINTAGE LTD,211545
AUTO GROUP LTD,211538
AUTODOM LTD,247367
AUTOMOTIVE HLDG GP LTD,274519
AUTOSPORTS GROUP LTD,322858
AV JENNINGS LTD,212381
AVATAR INDUSTRIES LTD,201687
AWA LTD,100093
AWB LTD,248767
AWE LTD,242580
AWN HOLDINGS LTD,256758
B DIGITAL,248139
BABY BUNTING GROUP LTD,320481
BAPCOR LTD,317476
BASE RESOURCES LTD,289969
BASS STRAIT OIL TRUST,242320
BAXTER GROUP,252858
BCD RESOURCES NL,200677
BCI MINERALS LTD,282001
BEACH ENERGY LTD,101392
BEACON LIGHTING GROUP LTD,317454
BEGA CHEESE LTD,298675
BELLAMYS AUSTRALIA LTD,318162
BENDIGO TELCO LTD,324052
BESTON GLOBAL FOOD CO LTD,320280
BEYOND INTERNATIONAL GRP LTD,200729
BHP GROUP LTD,13312
BIGAIR GROUP LTD,276553
BILLABONG INTERNATIONAL LTD,239316
BINGO INDUSTRIES L,324134
BISALLOY STEEL GROUP LTD,256982
BLACK RANGE MINERALS LTD,242604
BLACKMORES LTD,200779
BLOSSOMVALE HOLDINGS LTD,271281
BLUE ENERGY LTD,248832
BLUESCOPE STEEL LTD,252290
BOART LONGYEAR GROUP LTD,284251
BOLNISI GOLD LTD,221492
BOOM LOGISTICS LTD,258647
BORAL LTD,234876
BOTAI TECHNOLOGY LTD,321029
BRADKEN LTD,270910
BRAMBLES LTD,100461
BRANDRILL LTD,211544
BRAVURA SOLUTIONS LTD,278209
BRAZIN LTD,226178
BREMER PARK LTD,242654
BREVILLE GROUP LTD,242650
BRICKWORKS LTD,209933
BRIDGESTONE AUSTRALIA LTD,200814
BRIERTY LTD,287559
BRISBANE BRONCOS LTD,253317
BRISCONNECTIONS UNIT TR,289388
BRISTILE LTD,215619
BRITISH AM TOB (AUSTRALASIA),100889
BRL HARDY LTD,200835
BROADCAST PRODUCTION SVCS,247569
BROADSPECTRUM LTD,249085
BROOKFIELD MULTIPLEX GROUP,259839
BSA LTD,242645
BT HOTEL GROUP,212734
BURNS PHILP & CO LTD,17629
BURSWOOD LTD,200874
BWX LTD,320694
CALIBRE GROUP LTD,313396
CAPE RANGE LTD,201025
CAPILANO HONEY LTD,313191
CAPITOL HEALTH LTD,278101
CAPRAL LIMITED,101420
CARDNO LTD,270850
CARSALES COM LTD,292734
CATALYST RECRUITMENT SYS LTD,232062
CBH RESOURCES LTD,248820
CCI HOLDINGS LTD (AUSTRALIA),211553
CCK FINANCIAL SOLUTIONS LTD,242626
CDS TECHNOLOGIES LTD,246000
CEC GROUP LTD,270337
CELLESTIS LTD,249481
CELLNET GROUP LTD,242334
CENTENNIAL COAL,211555
CENTRAL NORSEMAN GOLD CORP,100822
CENTRAL PACIFIC MINERALS NL,17744
CENTREBET INTL LTD,278328
CHALMERS LTD,248835
CHANDLER MACLEOD LTD,253401
CHEMEQ LTD,248833
CHEMGENEX PHARMACEUTICALS,24635
CIMIC GROUP LTD,101603
CITECT CORP LTD,205818
CITIC AUSTRALIA TRADING LTD,254902
CITY CHIC COLLECTIVE LTD,241401
CLASS LTD,320926
CLEANAWAY WASTE MGMT LTD,272847
CLELAND (P) ENTERPRISES LTD,211560
CLIMAX MINING LTD,210247
CLIVPEE LTD,274073
CLOUGH LTD,241378
CLOVER CORP LTD,242643
CMA CORPORATION LTD,273420
COAL & ALLIED INDUSTRIES LTD,100053
COATES HIRE LTD,213101
COCA-COLA AMATIL LTD,100192
COCHLEAR LTD,212635
CODAN LTD,259267
COFFEY INTL,211562
COLES GROUP LTD,329498
COLES GROUP LTD - OLD,14977
COLLECTION HOUSE LTD,242336
COLLINS FOODS LTD,298537
COLLY COTTON LTD,210250
COLORADO GROUP LTD,241899
COLORPAK LTD,270294
COMALCO LTD,17774
COMET RESOURCES LTD,247687
COMMANDER COMMUNICATIONS,242340
COMPASS HOTEL GROUP LTD,287751
CONCEPT HIRE LTD,248822
CONNECTEAST GROUP,271813
CONSOLIDATED CAPITAL INVT,248282
CONSOLIDATED MEDIA HLDGS LTD,104944
CONSOLIDATED MINERALS LTD,206199
CONSOLIDATED RUTILE LTD,101671
CONSTELLATION TECHNOLOGIES,242599
CORPORATE EXPRESS AUSTRALIA,211368
CORPORATE TRAVEL MGMT LTD,296280
CORUM GROUP LTD,254382
COSTA GROUP HOLDINGS,320129
COSTAEXCHANGE LTD,246001
COUNTRY ROAD LTD,200998
COVENTRY GROUP LTD,201317
CPI GROUP LTD,200956
CPT GLOBAL LTD,248816
CRANE GROUP LTD,101540
CREDIT INTELLIGENCE LTD,291150
CROWE HORWATH AUSTRALASIA,242377
CROWN RESORTS LTD,222301
CRYOSITE LTD,253324
CSG LTD,284377
CSL LTD,223003
CSR LTD,17544
CTI LOGISTICS LTD,221464
CUDGEN RZ LTD,101666
CUMNOCK COAL LTD,207044
CYCLOPHARM LTD,282321
DALRYMPLE BAY INFRASTRUCTURE,345710
DANKS HOLDINGS LTD,201559
DARK BLUE SEA LTD,247527
DATA3 LTD,242679
DATACRAFT LTD,201568
DAVID JONES LTD,100891
DCA GROUP LTD,242681
DECMIL GROUP LTD,272816
DEEP YELLOW LTD,102202
DELTA GOLD NL,201597
DELTA SBD LIMITED,296331
DETERRA ROYALTIES LTD,342576
DEVINE LTD,212621
DEXION LTD,272846
DIORO EXPLORATION NL,210256
DIPLOMA GROUP LTD,287978
DOMAIN HOLDINGS AUSTRALIA LT,325957
DOMINION MINING LTD,103127
DOMINOS PIZZA ENTERPRISES LT,273011
DONACO INTERNATIONAL LTD,271731
DONGFANG MODERN AGRICULT,320259
DOWNER EDI LTD,241380
DRAGON MINING LTD,251638
DUET GROUP,268956
DUSK GROUP LIMITED,340392
DWS LTD,278119
E-PAY ASIA LTD,253479
EAGERS AUTOMOTIVE LTD,221877
EAGLE HEALTH HOLDI,324881
EARLYPAY LTD,294057
EARTH SANCTUARIES LTD,246005
EAST AFRICAN COFFEE PLANTTNS,253337
EASTERN ALUMINUM LTD,206143
ECORP LTD,234796
ECOSAVE HLDGS LTD,314648
ECTEC LTD,201744
EDU HOLDINGS LIMITED,271317
EFTEL LTD,248807
EL CORP LTD,201571
ELANOR INVESTORS GROUP,318006
ELDERS LTD,202362
ELTIN LTD,202004
EMAIL LTD,100471
EMBELTON LTD,249486
EMECO HOLDINGS LTD,278546
EMPEROR MINES LTD,104725
EMPIRED LTD,286936
ENDEAVOUR GROUP LIMITED,348897
ENECO REFRESH LTD,275903
ENERGY ACTION LTD,303689
ENERGY DEVELOPMENTS LTD,202019
ENERGY ONE LTD,282303
ENERGY RESOURCES OF AUSTRALI,100823
ENERGY WORLD CORP LTD,202023
ENERO GROUP LTD,270802
ENGENCO LTD,281816
ENGIN LTD,242793
ENVESTRA LTD,226180
ENVIRONMENTAL CLEAN TECH LTD,211574
ENVIRONMENTAL GROUP LTD,253402
EPHRAIM RESOURCES LTD,220260
EQUATORIAL MINING LTD,202046
EQUIGOLD NL,246006
ERM POWER LTD,296250
ESPREON LTD,253606
ESSA AUSTRALIA LTD,271194
ESSITY AUSTRALASIA,317892
ESTIA HEALTH LTD,318790
ETHANE PIPELINE INCOME FUND,278943
ETRADE AUSTRALIA LTD,231298
EUMUNDI GROUP LTD,249491
EVANS DEAKIN INDUSTRIES LTD,101507
EVOLUTION MINING LTD,253350
EVT LIMITED,200157
EVZ LTD,249525
EXCEL COAL LTD,270220
EXCELSIOR CAPITAL LTD,246003
EXPERIENCE CO LTD,319476
EYECARE PARTNERS LTD,256503
EZZ LIFE SCIENCE HOLDINGS,346301
FAIRFAX MEDIA LTD,104958
FANTASTIC HOLDINGS LTD,242710
FELIX RESOURCES LTD,205083
FFI HOLDINGS LTD,253436
FH FAULDING & CO LTD,101544
FINEMORE HOLDINGS LTD,202186
FIRST GRAPHENE LTD,253407
FLAT GLASS INDUSTRIES LTD,281415
FLEETWOOD LTD,242719
FLIGHT CENTRE TRAVEL GROUP,207300
FLUENCE CORPORATION LTD,287853
FOODLAND ASSOCIATED LTD,202257
FOREST ENTERPRISES AUSTRALIA,242723
FORGE GROUP LTD,285172
FORTESCUE METAL GROUP,212427
FOSTER'S GROUP LTD,20421
FREEDOM GROUP LTD,212855
FUTURE FIRST TECHNOLOGIES,316763
G8 EDUCATION LTD,287566
GALE PACIFIC LTD,252585
GASNET AUSTRALIA GROUP,252261
GAZAL CORP LTD,202506
GEARHART AUSTRALIA LTD,202511
GENUSPLUS GROUP LIMITED,345340
GEORGE WESTON FOODS LTD,100332
GERARD LIGHTING GROUP LTD,294652
GIRALIA RESOURCES NL,202567
GLG CORP LTD,274813
GLOBAL CONSTRUCTION SERVICES,285881
GLOBAL STRATEGIC METALS NL,222318
GLOBAL TELEVISION LTD,212647
GLOBE INTERNATIONAL LTD,246838
GLOUCESTER COAL LTD,201113
GO ENERGY GROUP LTD,253472
GODFREYS GROUP LTD,318819
GOLD ROAD RESOURCES LTD,278245
GOODMAN FIELDER LTD,274904
GOODMAN FIELDER LTD - OLD,100993
GR ENGINEERING SERVICES LTD,297276
GRAINCORP LTD,241386
GRAND HOTEL GROUP,213102
GRANGE RESOURCES LTD,212428
GRD LTD,209312
GREAT CENTRAL MINES NL,27898
GREAT SOUTHERN LTD,232105
GREEN'S FOODS LTD,202655
GREENCAP LTD,210599
GREENCROSS LIMITED,285030
GREENVALE ENERGY LTD,210268
GRIBBLES GROUP LTD (THE),241398
GUD HOLDINGS LTD,101568
GUNNS LTD,211366
GWA GROUP LTD,101742
HAMILTON ISLAND LTD,210603
HANCOCK & GORE LTD,242602
HANSEN TECHNOLOGIES LTD,242369
HAOMA MINING NL,202741
HARDMAN RESOURCES LTD,221254
HARRIS SCARFE HOLDINGS LTD,201579
HARVEY NORMAN HLDGS LTD,203007
HEALIUS LTD,241405
HEALTH AND PLANT PROTEIN GRP,211546
HEALTHSCOPE LTD,210869
HEEMSKIRK CONSOLIDATED LTD,271195
HELIX RESOURCES NL,203038
HELLOWORLD TRAVEL LTD,249497
HENRY WALKER ELTIN GROUP LTD,203046
HILLGROVE RESOURCES LTD,242636
HILLS LTD,203071
HILLS MOTORWAY GROUP,212625
HIRE INTELLIGENCE INTL LTD,252262
HITECH GROUP AUSTRALIA,247469
HOLYMAN LTD,210870
HORIZON MINERALS LTD,203336
HORIZON OIL LTD,200782
HOSTWORKS GROUP LTD,253543
HOWARD SMITH LTD,19358
HOYTS CINEMAS AMERICA LTD,213103
HPAL LTD,242372
HT&E LTD,210232
HUDSON CONWAY LTD,203190
HUON AQUACULTURE GROUP,318563
HUTCHISON TELECOM AUSTRALIA,231038
HUTCHISONS CHILD CARE SVCS,270857
I SYNERGY GROUP LTD,323930
IAMA LTD,223100
ICS GLOBAL LTD,253571
IDEAS INTERNATIONAL LTD,244738
IDP EDUCATION LTD,320762
IGNITE LTD,214099
IGO LTD,253596
IINET LTD,242672
ILUKA RESOURCES LTD,101599
IMDEX LTD,253587
INCITEC LTD,100476
INCITEC PIVOT LTD,257860
INCREMENTAL PETROLEUM LTD,274313
INDAGO RESOURCES LTD,201778
INDIANA RESOURCES LTD,242587
INDUSTREA LTD,253516
INFIGEN ENERGY,275247
INFOMEDIA LTD,241393
INFRATIL AUSTRALIA LTD,226182
INGHAMS GROUP LTD,322802
INSTITUTE OF DRUG TECH AU,244817
INTECQ LTD,247758
INTEGRAL DIAGNOSTICS LTD,320604
INTEGRATED GROUP LTD,242696
INTEGRATED RESEARCH LTD,242375
INTEGRATED TREE CROPPING LTD,270197
INTERNATIONAL COAL HLDGS LTD,201742
INTERNATIONAL FERRO METALS,274155
INTL ALL SPORTS LTD,242711
INTOLL GROUP,213500
INVENTIS LTD,253518
INVIGOR GROUP LTD,242605
INVOCARE LTD,259425
ION LTD,212664
IPH LTD,318667
IRESS LTD,241368
ISELECT LTD,315577
ISENTIA GROUP LTD,317651
ISOFT GROUP LTD,242668
ITG LTD,242708
ITL HEALTH GROUP LTD,259009
ITX GROUP LTD,284303
IVE GROUP LTD,321002
IWL LTD,242720
JANISON EDUCATION GROUP LTD,246011
JAPARA HEALTHCARE LTD,317452
JB HI-FI,258858
JCURVE SOLUTIONS LTD,253455
JINDALEE RESOURCES LTD,253621
JOE WHITE MALTINGS LTD,202787
JOHNS LYNG GROUP,325598
JOYCE CORP LTD,221613
JUBILEE MINES NL,242380
JUMBO INTERACTIVE LTD,209518
JUPITERS LTD,202809
JUST GROUP LTD,270244
JUST JEANS HOLDINGS LTD,202812
K&S CORP LTD,208239
KAZ GROUP LTD,242437
KAZIA THERAPEUTICS LTD,117116
KELLY PARTNERS GRO,324817
KELSIAN GROUP LIMITED,316292
KEYCORP LTD,202906
KH FOODS LTD,203004
KIDSTON GOLD MINES LTD,101254
KINGSGATE CONSOLIDATED LTD,202929
KINGSROSE MINING LIMITED,287624
KIP MCGRATH EDUCATION CENTRE,258440
KLM GROUP LTD,235517
KORVEST LTD,203485
KRESTA HOLDINGS LTD,101702
LABYRINTH RESOURCES LIMITED,5302
LAKES BLUE ENERGY NL,203545
LASERBOND LIMITED,287890
LEGEND CORP LTD,271314
LEMARNE CORP LTD,206144
LEMVEST LTD,242771
LEND LEASE PRIMELIFE LTD,234279
LIFEHEALTHCARE GROUP LTD,316809
LIGHTING CORP LTD,252266
LINDEN & CONWAY LTD,253604
LINDSAY AUSTRALIA LTD,249501
LION NATHAN LTD,101239
LIPA PHARMACEUTICALS LTD,270811
LITTLE WORLD BEVERAGES LTD,274438
LOGICAMMS LTD - OLD,287626
LOVISA HOLDINGS LTD,318878
LUDOWICI LTD,253593
LYCOPODIUM LTD,272521
LYNAS RARE EARTHS LTD,212658
LYNCH GROUP AUSTRALIA HOLD,347108
M2 GROUP LTD,271198
MACA LTD,295795
MACARTHUR COAL LTD,249080
MACMAHON HOLDINGS LTD,101597
MACQUARIE COMM INFRASTRUCTR,254388
MACQUARIE MEDIA LTD,272793
MACQUARIE TELECOM GROUP  LTD,232122
MACRO CORP LTD,253583
MADER GROUP LTD,333913
MAGELLAN PETROLEUM AUSTRALIA,200440
MAGGIE BEER HOLDINGS LTD,271310
MAGNA PACIFIC HLDGS LTD,253581
MAGONTEC LTD,207018
MANTRA GROUP PTY LTD,317837
MATRIX COMPOSITES,293250
MAXIPARTS LIMITED,247733
MAYFIELD CHILDCARE LTD,322903
MAYNE PHARMA GROUP LTD,285235
MBD CORPORATION LTD,288054
MCCONNELL DOWELL CORP LTD,205066
MCPHERSONS LTD,100800
MEDICAL DEV INTL,259480
MEM GROUP LTD,205154
MEMTEC LTD,103307
MESBON CHINA NYLON LTD,287632
METALCORP LTD,212660
METALS EXPLORATION INC,101607
METALS X LTD,270947
METAROCK GROUP LTD,294572
METCASH LTD,223097
MIA GROUP LTD,241399
MIDWAY LTD,322987
MILLENNIUM LTD,291765
MILLENNIUM SERVICES GROUP,320750
MILNES HOLDINGS LTD,246018
MIM HOLDINGS LTD,100838
MINARA RESOURCES LTD,211524
MINCOR RESOURCES NL,253338
MINERAL COMMODITIES LTD,221216
MINERAL RESOURCES LTD,205194
MINPROC LTD,223016
MIRVAC LTD,205199
MITCHELL COMM GROUP LTD,247774
MLG OZ LIMITED,347481
MM-METAL MANUFACTURES LTD,102200
MMA OFFSHORE LTD,247757
MONADELPHOUS GROUP LTD,242795
MONASH IVF GROUP LTD,317886
MORELLA CORPORATION LIMITED,253641
MORGAN & BANKS LTD,212751
MOSAIC BRANDS LTD,253381
MOSAIC OIL NL,64252
MOTHERCARE AUSTRALIA LTD,253483
MOTORCYCLE HOLDINGS LTD,321581
MOUNT GIBSON IRON LTD,247496
MPOWER GROUP LTD,237805
MSF SUGAR LTD,253565
MULTISTACK INTL,211370
MYER HOLDINGS LTD,293130
MYOB GROUP LTD,230896
NAMOI COTTON LTD,245323
NATIONAL CAN INDUSTRIES LTD,101596
NATIONAL CONSOLIDATED LTD,100817
NATIONAL FOODS LTD,204025
NATIONAL HIRE GROUP LTD,253363
NATIONAL TELECOMS GROUP LTD,249081
NATIONAL TYRE & WH,326181
NAUTRONIX LTD,222267
NEVERFAIL SPRINGWARE LTD,231039
NEW ENERGY SOLAR,326109
NEW HOPE CORP LTD,258444
NEWCREST MINING LTD,103084
NEWHAVEN HOTELS LTD,242737
NICK SCALI LTD,270845
NICKEL INDUSTRIES LIMITED,327791
NINE ENTERTAINMENT CO HLDGS,314884
NIUMINCO GROUP LTD,248799
NORFOLK GROUP LTD,285464
NORMANDY MINING LTD,104398
NORMANDY NFM LTD,101598
NORTH LTD,19126
NORTH QUEENSLAND METALS,282019
NOUMI LIMITED,249513
NOVARISE RENEW RSCS INTL,294518
NOVUS PETROLEUM LTD,211371
NRW HOLDINGS LTD,286001
NTHN STAR RES LTD,259625
NUFARM LTD,101613
NYLEX LTD,201683
OAKS HOTELS & RESORTS LTD,275011
OAKTON LTD,246021
OAMPS LTD,246022
OBJECTIVE CORP LTD,243008
OCEAN CAPITAL LTD,248828
OIL COMPANY OF AUSTRALIA LTD,211372
ONEALL INTERNATIONAL LTD,320822
ONTERRAN LTD,279628
ONTHEHOUSE HOLDINGS LTD,297999
OOH MEDIA LTD,318874
OPEN TELECOMMUNICATIONS LTD,241500
OPSM GROUP LTD,100852
OPUS GROUP LTD,312175
ORBITAL CORP LTD,19731
ORCODA LTD,200972
ORICA LTD,100442
ORIGIN ENERGY LTD,17525
ORION TELECOMMUNICATIONS LTD,271322
ORORA LTD,316825
OROTON GROUP LTD,208674
OVATO LTD,104960
OVER THE WIRE HOLDINGS LTD,320824
OZ MINERALS LIMITED,214050
PACIFIC BRANDS LTD,270179
PACIFIC ENERGY LTD,253443
PACIFIC HYDRO LTD,207302
PACIFIC SMILES GROUP LTD,318702
PACIFICA GROUP LTD,208669
PACT GROUP HLDGS LTD,316907
PAN ASIA CORP LTD,149382
PAN PACIFIC PETROLEUM NL,220239
PAN PHARMACEUTICALS LTD,241402
PANAUST LTD,205896
PANORAMIC RESOURCES LTD,253611
PARAGON CARE LTD,253511
PARBURY LTD,101649
PAS GROUP(THE),317650
PASMINCO LTD,103332
PATRICK CORP LTD,203557
PATTIES FOODS LTD,281444
PCH GROUP LTD,253490
PEARLSTREET LTD,282846
PENTAL LTD,244820
PEOPLEBANK AUSTRALIA LTD,273157
PEOPLEIN LIMITED,325823
PEPPERCORN MANAGEMENT GRP,254390
PERENTI LTD,210805
PERILYA LTD,210605
PERSERVERANCE CORP,212665
PETALUMA LTD,207303
PETER LEHMANN WINES LTD,242751
PETSEC ENERGY LTD,208467
PIONEER INTERNATIONAL LTD,19271
PIPE NETWORKS LTD,272962
PIRELLI CABLES AUSTRALIA LTD,210695
PLACER PACIFIC LTD,103085
PLANET PLATINUM LTD,256478
PLUTONIC RESOURCES LTD,104570
POLYMETALS MINING LTD,297393
PORTMAN LTD,208550
POWERTEL LTD,212433
PPK GROUP LTD,252270
PREMIER INVESTMENTS LTD,220243
PRIMAC HOLDINGS LTD,212638
PRIME INFRASTRUCTURE GROUP,254120
PRIME RETIREMENT & AGE CARE,285643
PRO MEDICUS LTD,242333
PRO-PAC PACKAGING LTD,272828
PROBIOTEC LIMITED,281519
PROGEN PHARMACEUTICALS LTD,212639
PROGRAMMED MAINTENANCE SVC,242338
PROMENTUM LTD,253493
PROPEL FUNERAL PAR,326013
PROPHECY INTL HLDS LTD,242770
PRT COMPANY LIMITED,208584
PSC INSURANCE GROUP LTD,320982
PULSE HEALTH LTD,259190
PWR HOLDINGS LTD,320726
QANTAS AIRWAYS LTD,220244
QANTM INTELLECTUAL PROPERTY,322160
QCT RESOURCES LTD,102398
QM TECHNOLOGIES LTD,274496
QMASTOR LTD,253536
QMS MEDIA LTD,319928
QNI LTD,31473
QUBE HOLDINGS LTD,282382
QUEENSLAND COTTON HOLDINGS,201726
QUESTE COMMUNICATIONS LTD,253544
QUF INDUSTRIES LTD,101600
QUINTIS LTD,272268
RAMELIUS RESOURCES LTD,256406
RAMSAY HEALTH CARE LTD,226744
RAND MINING LTD,253550
RANGER MINERALS NL,207051
RCR TOMLINSON LTD,249509
REA GROUP LTD,248015
REBEL SPORT LTD,207304
RECKON LTD,234811
REDBANK ENERGY LTD,281763
REDCAPE HOTEL GROUP PTY LTD,329643
REDFLEX HOLDINGS LTD,241878
REDHILL EDUCATION LTD,295430
REECE LTD,101605
REEF CASINO TRUST,206145
REGIONAL EXPRESS HLDGS LTD,274429
REGIS HEALTHCARE LTD,318480
REGIS RESOURCES LTD,211367
REJECT SHOP LTD,270418
RELIANCE WORLDWIDE CORP LTD,321584
REPCO CORP,259185
RESA GROUP LTD,275352
RESOLUTE MINING LTD,207221
RESOURCE EQUIPMENT LTD,252823
RETAIL FOOD GROUP LTD,278186
REVERSE CORP LTD,274854
RFM POULTRY,324054
RGC-RENISON GOLDFIELDS CONSO,100844
RHIPE LTD,272602
RICEGROWERS LTD,322141
RIDLEY CORP LTD,207103
RINKER GROUP LTD,255798
RISION LTD,254392
RIVERCITY MOTORWAY MGMT,278575
ROBERTS LTD,253594
ROC OIL CO LTD,235179
ROCKLANDS RICHFIELD PCI LTD,248132
ROSS HUMAN DIRECTIONS LTD,246013
ROSS MINING NL,207151
ROYAL WOLF HOLDINGS LTD,297971
ROYALCO RESOURCES LTD,278222
RP DATA LTD,246026
RPMGLOBAL HOLDINGS LTD,288922
RUBIK FINANCIAL LTD,246030
RURAL PRESS LTD,207175
RURALCO HOLDINGS LTD,253595
RXP SERVICES LTD,309394
S8 LTD,253598
SAFEROADS HOLDINGS LTD,274847
SAI GLOBAL LTD,260404
SALMAT LTD,254542
SANDFIRE RESOURCES LTD,260564
SANTOS LTD,100165
SAUNDERS INTL LTD,287580
SAVAGE RESOURCES LTD,208829
SCANTECH LTD,212431
SCHAFFER CORP,211585
SCHROLE GROUP LTD,316609
SCOTT CORP,253533
SDI LTD,249510
SDS CORPORATION LTD,242809
SEDGMAN LIMITED,277977
SEEK LTD,272775
SELECT HARVESTS LTD,211572
SENETAS CORP,209221
SERVCORP LTD,241412
SERVICE STREAM LTD,271534
SEVEN GROUP HLDS LTD,208326
SEVEN WEST MEDIA LTD,105117
SEYMOUR WHYTE LTD,294707
SG FLEET GROUP LTD,317261
SHAVER SHOP GROUP LTD,321868
SHEARER JOHN HOLDINGS LTD,249511
SHINE JUSTICE LTD,315360
SHINE METALS LTD,212605
SIDDONS RAMSET LTD,101604
SIGMA CO LTD,242353
SIGMA HEALTHCARE LTD,254380
SILEX SYSTEMS LTD,231316
SILK LASER AUSTRALIA LIMITED,345667
SIMEON WINES LTD,234817
SIMONDS GROUP LTD,318694
SIMS LTD,208079
SIRIUS RESOURCES NL,211570
SIRTEX MEDICAL LTD,246027
SIV CAPITAL LTD,273070
SKILLED GROUP LTD,206156
SKYWEST LTD,271337
SLATER & GORDON LTD,284683
SMARTGROUP CORPORATION LTD,317925
SMORGON STEEL GROUP LTD,229017
SMS MANAGEMENT & TECHNOLOGY,221021
SNACK FOODS LTD,242357
SOLUTION 6 HOLDINGS LTD,212642
SONIC HEALTHCARE LTD,207097
SONNET CORPORATION LTD,253560
SONS OF GWALIA LTD,101245
SOUTH32 LTD,319687
SOUTHCORP LTD,100859
SOUTHERN CROSS ELEC ENGR,287431
SOUTHERN CROSS MEDIA GROUP,274512
SOUTHERN GOLD LTD,272802
SOUTHERN STAR GROUP LTD,213241
SOUTHN CROSS BROADCASTING,211375
SPACETALK LTD,253427
SPARK INFR GROUP,274856
SPC ARDMONA LTD,212643
SPEEDCAST INTERNATIONAL LTD,318194
SPHERE MINERALS LTD,200091
SPICERS LTD,236137
SPICERS PAPER LTD,208212
SPORTS ENTERTAINMENT GRP LTD,248808
SPOTLESS GROUP LTD,208215
SPOTLESS SERVICES LTD,203631
SRG GLOBAL LTD,247872
ST BARBARA LTD,101513
STADIUM AUSTRALIA GROUP,242675
STAGING CONNECTIONS GP LTD,237781
STANMORE RESOURCES LTD,293528
STAR CITY HOLDINGS LTD,207115
STEADFAST GROUP LTD,315882
STEMCELL UNITED LTD,247537
STERIHEALTH LTD,253464
STRATHFIELD GROUP LTD,241905
STUART METALS NL,212434
SUGAR TERMINALS LTD,322452
SUNDOWNER GROUP,249514
SUNRAYSIA TELEVISION LTD,203742
SUPER RETAIL GROUP LTD,270502
SUPERIOR RESOURCES LTD,287251
SUPPLY NETWORK LTD,253359
SYDNEY AIRPORT,252268
SYDNEY ATTRACTIONS LTD,210971
SYMBIO HOLDINGS LTD,277814
SYMBION HEALTH LTD,18934
TAB LTD,218981
TABCORP HOLDINGS LTD,222202
TALENT2 INTERNATIONAL LTD,248824
TAMAWOOD LTD,249516
TANDOU LTD,234963
TAP OIL LTD,213448
TASSAL GROUP,259076
TASSAL LTD,203887
TATTS GROUP LTD,273384
TDG LOGISTICS LTD,242992
TECHNOLOGY ONE LTD,241419
TELECASTERS AUSTRALIA LTD,101707
TELSTRA GROUP LIMITED,210216
TEMPO SERVICES LTD,212648
TEN NETWORK HOLDINGS LTD,101709
TEN SIXTY FOUR LIMITED,259622
TEXT MEDIA GROUP LTD,247761
THAKRAL HLDGS LTD,210880
THE CITADEL GROUP LTD,318669
THE MAC SERVICES GROUP LTD,284307
THE STAR ENTERTAINMENT GROUP,297921
THINK CHILDCARE LTD,318504
THO SERVICES LTD,248818
THORN GROUP LTD,281811
TICOR LTD,205197
TIMBERCORP LTD,242538
TITANIUM SANDS LTD,213644
TOLL HOLDINGS LTD,209128
TOP EDUCATION GRP,327173
TOURISM ASSET HLDGS LTD,212649
TOX FREE SOLUTIONS LTD,253404
TOYS'R'US ANZ LTD,247829
TPC CONSOLIDATED LTD,285372
TPG CORPORATION LTD,253468
TRADITIONAL THERAPY CLINICS,320304
TRAFFIC TECHNOLOGIES LTD,272259
TRANSMETRO CORP LTD,253647
TRANSONIC TRAVEL LTD,270240
TRANSURBAN GROUP,212650
TREASURY WINE ESTATES LTD,297352
TRIAKO RESOURCES,253389
TRIANGLE ENERGY (GLOBAL) LTD,275101
TRIBECA LEARNING LTD,253387
TRIBUNE RESOURCES LTD,253385
TROY RESOURCES LTD,214644
TTA HOLDINGS LTD,275475
TUTT BRYANT GROUP LTD,274848
UCMS GROUP LTD,285122
UECOMM LTD,241001
UGL LTD,212651
UNITAB LTD,232456
UNITED ENERGY LTD,222764
UNITED MALT GRP LTD,337815
UNITY MINING LTD,200694
UNIVERSAL STORE HOLDINGS LTD,344059
UTILITY SERVICES CORP LTD,212646
UXC LTD,234778
VDM GROUP LTD,275465
VECOMMERCE LTD,244821
VEDA ADVANTAGE LTD,226137
VEDA GROUP LTD,316808
VEEM LTD,322612
VENTIA SERVICES GROUP LTD,351070
VENTRACOR LTD,242790
VERIS LTD,289302
VIDELLI LTD,202057
VIETNAM INDUSTRIAL INVTS LTD,249519
VIKING INDUSTRIES,210919
VILLA WORLD LTD (OLD),209422
VILLAGE ROADSHOW LTD,209423
VIRGIN AUSTRALIA HLDGS LTD,259440
VIRIDIS CLEAN ENERGY,274021
VIRTUS HEALTH LTD,315488
VISION EYE INSTITUTE LTD,271536
VISION SYSTEMS LTD,209428
VITA GROUP LIMITED,274457
VITA LIFE SCIENCES LTD,247302
VIVA ENERGY GROUP,327665
VOCUS GROUP LTD,256538
VOLANTE GROUP LTD,242593
VOXSON LTD,242591
WAGNERS HOLDING CO,326138
WAKENBY LTD,285883
WAMEJA LTD,246007
WARRNAMBOOL CHEESE & BUTTER,270869
WATERCO LTD,253370
WATPAC LTD,247488
WATTYL LTD,101661
WD & HO WILLS HOLDINGS LTD,105120
WDS LIMITED,281748
WEBCENTRAL GROUP LTD,234498
WEBCENTRAL GROUP LTD,211534
WEBJET LTD,253367
WESFARMERS LTD,101601
WESFI LTD,209501
WESTERN AREAS LTD,253358
WESTERN AUST DIAMOND TRUST,209490
WESTERN METALS COPPER LTD,100842
WHITEHAVEN COAL LTD,284808
WILLMOTT FORESTS LTD,253349
WINGARA AG LIMITED,247593
WINHA COMMERCE & TRADE INTL,323228
WISETECH GLOBAL LTD,321501
WISR LTD,248144
WOODSIDE ENERGY GROUP LTD,100712
WOOLWORTHS GROUP LTD,100894
WORLEY LTD,254665
WOTIF.COM HOLDINGS LTD,277907
WPP AUNZ LTD,201728
WRIDGWAYS AUSTRALIA LTD,247506
XENITH IP GROUP LTD,320734
XRF SCIENTIFIC LTD,281520
XTEK LTD,274028
YANCOAL AUSTRALIA LTD,313077
ZENYTH THERAPEUTICS,213498
ZICOM GROUP LTD,253327
